ID,Name,Address,City,State,Zip,Phone,Email,Website,Latitude,Longitude,Description,Rating,ReviewCount,VanTypes,PriceMin,PriceMax,Amenities,Services,Certifications,YearsInBusiness,LeadTime
az-1,Arizona Van Conversions,123 Desert Rd,Phoenix,AZ,85004,(555) 111-2222,info@arizonavanconversions.com,https://arizonavanconversions.com,33.4484,-112.0740,"Specializes in custom van conversions, including Mercedes Sprinter, Ford Transit, and Ram ProMaster.",4.6,72,"Sprinter,Transit,ProMaster",34000,105000,"Solar Power,Kitchen,Bathroom,Air Conditioning,Desert Cooling Systems","Custom Builds,Electrical,Plumbing,Climate Control","RVIA Certified",6,2-6 months
az-2,Desert Van Works,456 Cactus Dr,Tucson,AZ,85701,(555) 222-3333,info@desertvanworks.com,https://desertvanworks.com,32.2226,-110.9747,"Offers custom van conversions, including camper vans, wheelchair-accessible vehicles, and commercial vans.",4.5,65,"Transit,ProMaster",30000,95000,"Solar Power,Kitchen,Air Conditioning,Desert Cooling Systems","Custom Builds,Accessibility Modifications,Electrical,Plumbing","RVIA Certified,ADA Compliant",5,2-5 months
az-3,VanCraft Arizona,789 Mesa Blvd,Mesa,AZ,85201,(555) 333-4444,info@vancraftaz.com,https://vancraftaz.com,33.4152,-111.8315,"Specializes in custom van conversions, including Mercedes Sprinter, Ford Transit, and Ram ProMaster, with a focus on luxury and adventure vans.",4.8,85,"Sprinter,Transit,ProMaster",40000,125000,"Solar Power,Kitchen,Bathroom,Air Conditioning,Desert Cooling Systems,Luxury Finishes","Custom Builds,Luxury Interiors,Electrical,Plumbing,Off-Road Outfitting","RVIA Certified,ASE Certified",7,3-8 months
ar-1,Arkansas Van Conversions,123 Capitol Ave,Little Rock,AR,72201,(555) 111-2222,info@arkansasvanconversions.com,https://arkansasvanconversions.com,34.7465,-92.2896,"Provides custom van conversions, including luxury vans, wheelchair-accessible vehicles, and commercial vans.",4.5,62,"Sprinter,Transit,ProMaster",32000,95000,"Solar Power,Kitchen,Bathroom,Air Conditioning,Heating","Custom Builds,Electrical,Plumbing,Climate Control","RVIA Certified",5,2-6 months
ar-2,Ozark Van Works,456 Mountain Dr,Fayetteville,AR,72701,(555) 222-3333,info@ozarkvanworks.com,https://ozarkvanworks.com,36.0822,-94.1719,"Offers custom van conversions, including camper vans, wheelchair-accessible vehicles, and commercial vans.",4.6,68,"Transit,ProMaster",28000,90000,"Solar Power,Kitchen,Heating,Off-Grid Systems","Custom Builds,Electrical,Plumbing,Off-Road Outfitting","RVIA Certified",6,2-5 months
ct-1,Connecticut Van Conversions,123 Capitol Ave,Hartford,CT,06103,(555) 111-2222,info@connecticutvanconversions.com,https://connecticutvanconversions.com,41.7658,-72.6734,"Specializes in custom van conversions, including Mercedes Sprinter, Ford Transit, and Ram ProMaster.",4.6,70,"Sprinter,Transit,ProMaster",36000,110000,"Solar Power,Kitchen,Bathroom,Heating,Winter Insulation","Custom Builds,Electrical,Plumbing,Winter Outfitting","RVIA Certified",6,3-7 months
ct-2,New England Van Works,456 Atlantic St,Stamford,CT,06901,(555) 222-3333,info@newenglandvanworks.com,https://newenglandvanworks.com,41.0534,-73.5387,"Offers custom van conversions, including camper vans, wheelchair-accessible vehicles, and commercial vans.",4.7,75,"Transit,ProMaster,Sprinter",38000,115000,"Solar Power,Kitchen,Bathroom,Heating,Winter Insulation,Luxury Finishes","Custom Builds,Luxury Interiors,Electrical,Plumbing,Accessibility Modifications","RVIA Certified,ADA Compliant",7,3-8 months
de-1,Delaware Van Conversions,123 Market St,Wilmington,DE,19801,(555) 111-2222,info@delawarevanconversions.com,https://delawarevanconversions.com,39.7447,-75.5484,"Provides custom van conversions, including luxury vans, wheelchair-accessible vehicles, and commercial vans.",4.5,60,"Sprinter,Transit,ProMaster",34000,105000,"Solar Power,Kitchen,Bathroom,Heating","Custom Builds,Electrical,Plumbing,Luxury Interiors","RVIA Certified",5,2-6 months
de-2,Mid-Atlantic Van Works,456 State St,Dover,DE,19901,(555) 222-3333,info@midatlanticvanworks.com,https://midatlanticvanworks.com,39.1582,-75.5244,"Offers custom van conversions, including camper vans, wheelchair-accessible vehicles, and commercial vans.",4.6,65,"Transit,ProMaster",30000,95000,"Solar Power,Kitchen,Heating,Accessibility Features","Custom Builds,Accessibility Modifications,Electrical,Plumbing","RVIA Certified,ADA Compliant",6,2-5 months
ga-1,Georgia Van Conversions,123 Peachtree St,Atlanta,GA,30303,(555) 111-2222,info@georgiavanconversions.com,https://georgiavanconversions.com,33.7490,-84.3880,"Provides custom van conversions, including luxury vans, wheelchair-accessible vehicles, and commercial vans.",4.6,75,"Sprinter,Transit,ProMaster",35000,105000,"Solar Power,Kitchen,Bathroom,Air Conditioning,Heating","Custom Builds,Electrical,Plumbing,Climate Control","RVIA Certified",6,3-7 months
ga-2,Peach State Van Works,456 River St,Savannah,GA,31401,(555) 222-3333,info@peachstatevanworks.com,https://peachstatevanworks.com,32.0809,-81.0912,"Offers custom van conversions, including camper vans, wheelchair-accessible vehicles, and commercial vans.",4.5,68,"Transit,ProMaster",30000,95000,"Solar Power,Kitchen,Air Conditioning,Heating","Custom Builds,Accessibility Modifications,Electrical,Plumbing","RVIA Certified,ADA Compliant",5,2-6 months
ga-3,VanCraft Georgia,789 Broad St,Augusta,GA,30901,(555) 333-4444,info@vancraftga.com,https://vancraftga.com,33.4735,-81.9748,"Specializes in custom van conversions, including Mercedes Sprinter, Ford Transit, and Ram ProMaster, with a focus on luxury and adventure vans.",4.8,82,"Sprinter,Transit,ProMaster",40000,125000,"Solar Power,Kitchen,Bathroom,Air Conditioning,Heating,Luxury Finishes","Custom Builds,Luxury Interiors,Electrical,Plumbing,Adventure Outfitting","RVIA Certified,ASE Certified",7,3-8 months
hi-1,Hawaii Van Conversions,123 Ala Moana Blvd,Honolulu,HI,96813,(555) 111-2222,info@hawaiivanconversions.com,https://hawaiivanconversions.com,21.3069,-157.8583,"Specializes in custom van conversions, including Mercedes Sprinter, Ford Transit, and Ram ProMaster.",4.7,72,"Sprinter,Transit,ProMaster",38000,115000,"Solar Power,Kitchen,Outdoor Shower,Air Conditioning","Custom Builds,Electrical,Plumbing,Climate Control","RVIA Certified",6,3-7 months
hi-2,Island Van Works,456 Kaahumanu Ave,Kahului,HI,96732,(555) 222-3333,info@islandvanworks.com,https://islandvanworks.com,20.8893,-156.4729,"Offers custom van conversions, including camper vans, wheelchair-accessible vehicles, and commercial vans.",4.6,65,"Transit,ProMaster",32000,100000,"Solar Power,Kitchen,Outdoor Shower,Air Conditioning","Custom Builds,Accessibility Modifications,Electrical,Plumbing","RVIA Certified,ADA Compliant",5,2-6 months
id-1,Idaho Van Conversions,123 Capitol Blvd,Boise,ID,83702,(555) 111-2222,info@idahovanconversions.com,https://idahovanconversions.com,43.6150,-116.2023,"Provides custom van conversions, including luxury vans, wheelchair-accessible vehicles, and commercial vans.",4.6,70,"Sprinter,Transit,ProMaster",34000,105000,"Solar Power,Kitchen,Bathroom,Heating,Off-Grid Systems","Custom Builds,Electrical,Plumbing,Off-Road Outfitting","RVIA Certified",6,3-7 months
id-2,Mountain Van Works,456 Sherman Ave,Coeur d'Alene,ID,83814,(555) 222-3333,info@mountainvanworks.com,https://mountainvanworks.com,47.6777,-116.7804,"Offers custom van conversions, including camper vans, wheelchair-accessible vehicles, and commercial vans.",4.7,75,"Transit,ProMaster,Sprinter",36000,110000,"Solar Power,Kitchen,Bathroom,Heating,Off-Grid Systems,Winter Insulation","Custom Builds,Off-Road Outfitting,Electrical,Plumbing,Winter Outfitting","RVIA Certified,ASE Certified",7,3-8 months
il-1,Illinois Van Conversions,123 Michigan Ave,Chicago,IL,60601,(555) 111-2222,info@illinoisvanconversions.com,https://illinoisvanconversions.com,41.8781,-87.6298,"Specializes in custom van conversions, including Mercedes Sprinter, Ford Transit, and Ram ProMaster.",4.6,78,"Sprinter,Transit,ProMaster",36000,110000,"Solar Power,Kitchen,Bathroom,Heating,Winter Insulation","Custom Builds,Electrical,Plumbing,Winter Outfitting","RVIA Certified",7,3-7 months
il-2,Midwest Van Works,456 Capitol Ave,Springfield,IL,62701,(555) 222-3333,info@midwestvanworks.com,https://midwestvanworks.com,39.7817,-89.6501,"Offers custom van conversions, including camper vans, wheelchair-accessible vehicles, and commercial vans.",4.5,65,"Transit,ProMaster",30000,95000,"Solar Power,Kitchen,Heating,Winter Insulation","Custom Builds,Accessibility Modifications,Electrical,Plumbing","RVIA Certified,ADA Compliant",5,2-6 months
il-3,VanCraft Illinois,789 State St,Rockford,IL,61104,(555) 333-4444,info@vancraftil.com,https://vancraftil.com,42.2711,-89.0940,"Specializes in custom van conversions, including Mercedes Sprinter, Ford Transit, and Ram ProMaster, with a focus on luxury and adventure vans.",4.8,82,"Sprinter,Transit,ProMaster",42000,125000,"Solar Power,Kitchen,Bathroom,Heating,Winter Insulation,Luxury Finishes","Custom Builds,Luxury Interiors,Electrical,Plumbing,Winter Outfitting","RVIA Certified,ASE Certified",8,3-8 months
in-1,Indiana Van Conversions,123 Capitol Ave,Indianapolis,IN,46204,(555) 111-2222,info@indianavanconversions.com,https://indianavanconversions.com,39.7684,-86.1581,"Provides custom van conversions, including luxury vans, wheelchair-accessible vehicles, and commercial vans.",4.6,72,"Sprinter,Transit,ProMaster",34000,105000,"Solar Power,Kitchen,Bathroom,Heating,Winter Insulation","Custom Builds,Electrical,Plumbing,Winter Outfitting","RVIA Certified",6,3-7 months
in-2,Hoosier Van Works,456 Main St,Fort Wayne,IN,46802,(555) 222-3333,info@hoosiervanworks.com,https://hoosiervanworks.com,41.0793,-85.1394,"Offers custom van conversions, including camper vans, wheelchair-accessible vehicles, and commercial vans.",4.5,65,"Transit,ProMaster",30000,95000,"Solar Power,Kitchen,Heating,Winter Insulation","Custom Builds,Accessibility Modifications,Electrical,Plumbing","RVIA Certified,ADA Compliant",5,2-6 months
in-3,VanCraft Indiana,789 Michigan St,South Bend,IN,46601,(555) 333-4444,info@vancraftin.com,https://vancraftin.com,41.6764,-86.2520,"Specializes in custom van conversions, including Mercedes Sprinter, Ford Transit, and Ram ProMaster, with a focus on luxury and adventure vans.",4.8,80,"Sprinter,Transit,ProMaster",40000,120000,"Solar Power,Kitchen,Bathroom,Heating,Winter Insulation,Luxury Finishes","Custom Builds,Luxury Interiors,Electrical,Plumbing,Winter Outfitting","RVIA Certified,ASE Certified",7,3-8 months
ia-1,Iowa Van Conversions,123 Grand Ave,Des Moines,IA,50309,(555) 111-2222,info@iowavanconversions.com,https://iowavanconversions.com,41.5868,-93.6250,"Specializes in custom van conversions, including Mercedes Sprinter, Ford Transit, and Ram ProMaster.",4.5,68,"Sprinter,Transit,ProMaster",32000,100000,"Solar Power,Kitchen,Bathroom,Heating,Winter Insulation","Custom Builds,Electrical,Plumbing,Winter Outfitting","RVIA Certified",6,2-6 months
ia-2,Hawkeye Van Works,456 1st Ave,Cedar Rapids,IA,52401,(555) 222-3333,info@hawkeyevanworks.com,https://hawkeyevanworks.com,41.9779,-91.6656,"Offers custom van conversions, including camper vans, wheelchair-accessible vehicles, and commercial vans.",4.6,70,"Transit,ProMaster",28000,90000,"Solar Power,Kitchen,Heating,Winter Insulation","Custom Builds,Accessibility Modifications,Electrical,Plumbing","RVIA Certified,ADA Compliant",5,2-5 months
nj-1,VanDoIt,123 Main St,Lakewood,NJ,08701,(555) 123-4567,info@vandoit.com,https://vandoit.com,40.0759,-74.2221,"Specializes in custom van conversions, including Mercedes Sprinter, Ford Transit, and Ram ProMaster.",4.7,85,"Sprinter,Transit,ProMaster",35000,95000,"Solar Power,Kitchen,Bathroom,Heating","Custom Builds,Mechanical Work,Electrical,Plumbing","RVIA Certified",6,3-5 months
nj-2,New Jersey Van Conversions,456 Ocean Ave,Toms River,NJ,08753,(555) 234-5678,info@njvanconversions.com,https://njvanconversions.com,39.9537,-74.1979,"Offers custom van conversions, including wheelchair-accessible vehicles and luxury vans.",4.5,62,"Transit,ProMaster",30000,85000,"Solar Power,Kitchen,Wheelchair Access","Custom Builds,Accessibility Modifications,Electrical","ADA Compliant,RVIA Certified",8,2-4 months
nj-3,East Coast Van Conversions,789 Main St,Freehold,NJ,07728,(555) 345-6789,info@eastcoastvanconversions.com,https://eastcoastvanconversions.com,40.2599,-74.2774,"Provides custom van conversions, including camper vans, wheelchair-accessible vehicles, and commercial vans.",4.6,73,"Sprinter,Transit,ProMaster",32000,90000,"Solar Power,Kitchen,Bathroom,Heating","Custom Builds,Commercial Upfitting,Electrical,Plumbing","RVIA Certified,ASE Certified",7,3-6 months
nj-4,VanCraft,101 Hamilton Ave,Hamilton,NJ,08619,(555) 456-7890,info@vancraft.com,https://vancraft.com,40.2088,-74.6782,"Specializes in custom van conversions, including Mercedes Sprinter, Ford Transit, and Ram ProMaster, with a focus on luxury and adventure vans.",4.8,91,"Sprinter,Transit,ProMaster",40000,120000,"Solar Power,Kitchen,Bathroom,Heating,Air Conditioning,Off-Grid Systems","Custom Builds,Luxury Interiors,Electrical,Plumbing","RVIA Certified,ASE Certified",5,4-7 months
nj-5,Jersey Van Works,202 Main St,Somerville,NJ,08876,(555) 567-8901,info@jerseyvanworks.com,https://jerseyvanworks.com,40.5734,-74.6282,"Offers custom van conversions, including camper vans, wheelchair-accessible vehicles, and commercial vans.",4.4,58,"Transit,ProMaster",28000,80000,"Solar Power,Kitchen,Heating","Custom Builds,Commercial Upfitting,Electrical","RVIA Certified",4,2-5 months
nj-6,Custom Van Solutions,303 Mount Holly Rd,Mount Holly,NJ,08060,(555) 678-9012,info@customvansolutions.com,https://customvansolutions.com,40.0026,-74.7874,"Provides custom van conversions, including luxury vans, wheelchair-accessible vehicles, and commercial vans.",4.5,67,"Sprinter,Transit",38000,110000,"Solar Power,Kitchen,Bathroom,Heating,Luxury Finishes","Custom Builds,Luxury Interiors,Electrical,Plumbing","RVIA Certified",6,3-6 months
nj-7,Van Conversion Specialists,404 Main St,Vineland,NJ,08360,(555) 789-0123,info@vanconversionspecialists.com,https://vanconversionspecialists.com,39.4863,-74.9982,"Specializes in custom van conversions, including Mercedes Sprinter, Ford Transit, and Ram ProMaster, with a focus on luxury and adventure vans.",4.7,79,"Sprinter,Transit,ProMaster",36000,105000,"Solar Power,Kitchen,Bathroom,Heating,Air Conditioning","Custom Builds,Adventure Outfitting,Electrical,Plumbing","RVIA Certified,ASE Certified",5,3-7 months
nj-8,NJ Van Conversions,505 Main St,Edison,NJ,08837,(555) 890-1234,info@njvanconversions.net,https://njvanconversions.net,40.5187,-74.4121,"Offers custom van conversions, including camper vans, wheelchair-accessible vehicles, and commercial vans.",4.3,51,"Transit,ProMaster",25000,75000,"Solar Power,Basic Kitchen,Heating","Custom Builds,Commercial Upfitting,Electrical","RVIA Certified",3,2-4 months
nj-9,Liberty Van Conversions,606 Main St,Marlton,NJ,08053,(555) 901-2345,info@libertyvanconversions.com,https://libertyvanconversions.com,39.8912,-74.9218,"Provides custom van conversions, including luxury vans, wheelchair-accessible vehicles, and commercial vans.",4.6,72,"Sprinter,Transit",35000,100000,"Solar Power,Kitchen,Bathroom,Heating,Luxury Finishes","Custom Builds,Luxury Interiors,Electrical,Plumbing","RVIA Certified",7,3-6 months
nj-10,Garden State Van Conversions,707 State St,Trenton,NJ,08608,(555) 012-3456,info@gardenstatevans.com,https://gardenstatevans.com,40.2206,-74.7597,"Specializes in custom van conversions, including Mercedes Sprinter, Ford Transit, and Ram ProMaster, with a focus on luxury and adventure vans.",4.7,83,"Sprinter,Transit,ProMaster",38000,115000,"Solar Power,Kitchen,Bathroom,Heating,Air Conditioning,Off-Grid Systems","Custom Builds,Adventure Outfitting,Electrical,Plumbing","RVIA Certified,ASE Certified",6,4-8 months
nj-11,Humble Road LLC,123 Humble Rd,Princeton,NJ,08540,(555) 123-7890,info@humbleroad.com,https://humbleroad.com,40.3573,-74.6672,"Offers custom van conversions, including camper van builds, adventure van builds, luxury van conversions, and wheelchair-accessible van conversions, with a focus on creating unique and functional vans for outdoor enthusiasts.",4.9,95,"Sprinter,Transit,ProMaster",45000,130000,"Solar Power,Kitchen,Bathroom,Heating,Air Conditioning,Off-Grid Systems,Custom Storage","Custom Builds,Luxury Interiors,Electrical,Plumbing,Design Services","RVIA Certified,ASE Certified",8,4-8 months
nj-12,Ready.Set.Van,456 Ready Ave,Montclair,NJ,07042,(555) 234-8901,info@readysetvan.com,https://readysetvan.com,40.8259,-74.2090,"Specializes in custom van conversions, including camper van builds, adventure van builds, luxury van conversions, and custom interior design and fabrication, with a focus on creating unique and functional vans for adventure and outdoor enthusiasts.",4.8,88,"Sprinter,Transit",50000,140000,"Solar Power,Kitchen,Bathroom,Heating,Air Conditioning,Off-Grid Systems,Smart Home Integration","Custom Builds,Luxury Interiors,Electrical,Plumbing,Smart Systems","RVIA Certified,ASE Certified",7,5-9 months
nj-13,Sequoia + Salt,789 Sequoia Dr,Morristown,NJ,07960,(555) 345-9012,info@sequoiasalt.com,https://sequoiasalt.com,40.7968,-74.4773,"Offers custom van conversions, including camper van builds, adventure van builds, luxury van conversions, and off-grid and solar-powered van conversions, with a focus on creating unique and functional vans for outdoor enthusiasts.",4.9,92,"Sprinter,Transit,ProMaster",48000,135000,"Solar Power,Kitchen,Bathroom,Heating,Air Conditioning,Off-Grid Systems,Sustainable Materials","Custom Builds,Sustainable Design,Electrical,Plumbing,Solar Systems","RVIA Certified,LEED Certified",6,4-8 months
ks-1,Kansas Van Conversions,123 Kansas Ave,Topeka,KS,66603,(555) 111-2222,info@kansasvanconversions.com,https://kansasvanconversions.com,39.0473,-95.6752,"Provides custom van conversions, including luxury vans, wheelchair-accessible vehicles, and commercial vans.",4.5,65,"Sprinter,Transit,ProMaster",32000,100000,"Solar Power,Kitchen,Bathroom,Heating,Winter Insulation","Custom Builds,Electrical,Plumbing,Winter Outfitting","RVIA Certified",5,2-6 months
ks-2,Jayhawk Van Works,456 Massachusetts St,Lawrence,KS,66044,(555) 222-3333,info@jayhawkvanworks.com,https://jayhawkvanworks.com,38.9717,-95.2353,"Offers custom van conversions, including camper vans, wheelchair-accessible vehicles, and commercial vans.",4.6,70,"Transit,ProMaster",28000,90000,"Solar Power,Kitchen,Heating,Winter Insulation","Custom Builds,Accessibility Modifications,Electrical,Plumbing","RVIA Certified,ADA Compliant",6,2-5 months
ky-1,Kentucky Van Conversions,123 Capital Ave,Frankfort,KY,40601,(555) 111-2222,info@kentuckyvanconversions.com,https://kentuckyvanconversions.com,38.2009,-84.8733,"Specializes in custom van conversions, including Mercedes Sprinter, Ford Transit, and Ram ProMaster.",4.5,68,"Sprinter,Transit,ProMaster",32000,100000,"Solar Power,Kitchen,Bathroom,Heating,Winter Insulation","Custom Builds,Electrical,Plumbing,Winter Outfitting","RVIA Certified",6,2-6 months
ky-2,Bluegrass Van Works,456 Main St,Lexington,KY,40507,(555) 222-3333,info@bluegrassvanworks.com,https://bluegrassvanworks.com,38.0406,-84.5037,"Offers custom van conversions, including camper vans, wheelchair-accessible vehicles, and commercial vans.",4.6,72,"Transit,ProMaster",30000,95000,"Solar Power,Kitchen,Heating,Winter Insulation","Custom Builds,Accessibility Modifications,Electrical,Plumbing","RVIA Certified,ADA Compliant",5,2-5 months
la-1,Louisiana Van Conversions,123 Capitol Access Rd,Baton Rouge,LA,70802,(555) 111-2222,info@louisianavanconversions.com,https://louisianavanconversions.com,30.4515,-91.1871,"Provides custom van conversions, including luxury vans, wheelchair-accessible vehicles, and commercial vans.",4.5,65,"Sprinter,Transit,ProMaster",32000,100000,"Solar Power,Kitchen,Bathroom,Air Conditioning,Humidity Control","Custom Builds,Electrical,Plumbing,Climate Control","RVIA Certified",5,2-6 months
la-2,Bayou Van Works,456 Canal St,New Orleans,LA,70130,(555) 222-3333,info@bayouvanworks.com,https://bayouvanworks.com,29.9511,-90.0715,"Offers custom van conversions, including camper vans, wheelchair-accessible vehicles, and commercial vans.",4.6,70,"Transit,ProMaster",30000,95000,"Solar Power,Kitchen,Air Conditioning,Humidity Control","Custom Builds,Accessibility Modifications,Electrical,Plumbing","RVIA Certified,ADA Compliant",6,2-5 months
me-1,Maine Van Conversions,123 State St,Augusta,ME,04330,(555) 111-2222,info@mainevanconversions.com,https://mainevanconversions.com,44.3106,-69.7795,"Specializes in custom van conversions, including Mercedes Sprinter, Ford Transit, and Ram ProMaster.",4.6,70,"Sprinter,Transit,ProMaster",34000,105000,"Solar Power,Kitchen,Bathroom,Heating,Extreme Insulation","Custom Builds,Electrical,Plumbing,Winter Outfitting","RVIA Certified",6,3-7 months
me-2,Pine Tree Van Works,456 Congress St,Portland,ME,04101,(555) 222-3333,info@pinetreevanworks.com,https://pinetreevanworks.com,43.6591,-70.2568,"Offers custom van conversions, including camper vans, wheelchair-accessible vehicles, and commercial vans.",4.7,75,"Transit,ProMaster,Sprinter",36000,110000,"Solar Power,Kitchen,Bathroom,Heating,Extreme Insulation,Off-Grid Systems","Custom Builds,Winter Outfitting,Electrical,Plumbing,Off-Road Modifications","RVIA Certified,ASE Certified",7,3-8 months
md-1,Maryland Van Conversions,123 State Circle,Annapolis,MD,21401,(555) 111-2222,info@marylandvanconversions.com,https://marylandvanconversions.com,38.9784,-76.4922,"Provides custom van conversions, including luxury vans, wheelchair-accessible vehicles, and commercial vans.",4.6,72,"Sprinter,Transit,ProMaster",36000,110000,"Solar Power,Kitchen,Bathroom,Heating,Winter Insulation","Custom Builds,Electrical,Plumbing,Winter Outfitting","RVIA Certified",6,3-7 months
md-2,Chesapeake Van Works,456 Light St,Baltimore,MD,21202,(555) 222-3333,info@chesapeakevanworks.com,https://chesapeakevanworks.com,39.2866,-76.6105,"Offers custom van conversions, including camper vans, wheelchair-accessible vehicles, and commercial vans.",4.7,78,"Transit,ProMaster,Sprinter",38000,115000,"Solar Power,Kitchen,Bathroom,Heating,Winter Insulation,Luxury Finishes","Custom Builds,Luxury Interiors,Electrical,Plumbing,Accessibility Modifications","RVIA Certified,ADA Compliant",7,3-8 months
ma-1,Massachusetts Van Conversions,123 Boylston St,Boston,MA,02116,(555) 111-2222,info@massvanconversions.com,https://massvanconversions.com,42.3601,-71.0589,"Specializes in custom van conversions, including Mercedes Sprinter, Ford Transit, and Ram ProMaster.",4.7,80,"Sprinter,Transit,ProMaster",38000,115000,"Solar Power,Kitchen,Bathroom,Heating,Extreme Insulation","Custom Builds,Electrical,Plumbing,Winter Outfitting","RVIA Certified",7,3-7 months
ma-2,New England Van Works,456 Main St,Worcester,MA,01608,(555) 222-3333,info@newenglandvanworks.com,https://newenglandvanworks.com,42.2626,-71.8023,"Offers custom van conversions, including camper vans, wheelchair-accessible vehicles, and commercial vans.",4.6,75,"Transit,ProMaster,Sprinter",36000,110000,"Solar Power,Kitchen,Bathroom,Heating,Extreme Insulation,Off-Grid Systems","Custom Builds,Winter Outfitting,Electrical,Plumbing,Accessibility Modifications","RVIA Certified,ADA Compliant",6,3-8 months
mn-1,Minnesota Van Conversions,123 University Ave,St. Paul,MN,55155,(555) 111-2222,info@minnesotavanconversions.com,https://minnesotavanconversions.com,44.9537,-93.0900,"Specializes in custom van conversions, including Mercedes Sprinter, Ford Transit, and Ram ProMaster.",4.6,75,"Sprinter,Transit,ProMaster",36000,110000,"Solar Power,Kitchen,Bathroom,Heating,Extreme Insulation","Custom Builds,Electrical,Plumbing,Winter Outfitting","RVIA Certified",6,3-7 months
mn-2,North Star Van Works,456 Hennepin Ave,Minneapolis,MN,55401,(555) 222-3333,info@northstarvanworks.com,https://northstarvanworks.com,44.9778,-93.2650,"Offers custom van conversions, including camper vans, wheelchair-accessible vehicles, and commercial vans.",4.7,80,"Transit,ProMaster,Sprinter",38000,115000,"Solar Power,Kitchen,Bathroom,Heating,Extreme Insulation,Off-Grid Systems","Custom Builds,Winter Outfitting,Electrical,Plumbing,Off-Road Modifications","RVIA Certified,ASE Certified",7,3-8 months
ms-1,Mississippi Van Conversions,123 State St,Jackson,MS,39201,(555) 111-2222,info@mississippivanconversions.com,https://mississippivanconversions.com,32.2988,-90.1848,"Provides custom van conversions, including luxury vans, wheelchair-accessible vehicles, and commercial vans.",4.5,65,"Sprinter,Transit,ProMaster",32000,100000,"Solar Power,Kitchen,Bathroom,Air Conditioning,Humidity Control","Custom Builds,Electrical,Plumbing,Climate Control","RVIA Certified",5,2-6 months
ms-2,Magnolia Van Works,456 Beach Blvd,Gulfport,MS,39501,(555) 222-3333,info@magnoliavanworks.com,https://magnoliavanworks.com,30.3674,-89.0928,"Offers custom van conversions, including camper vans, wheelchair-accessible vehicles, and commercial vans.",4.6,70,"Transit,ProMaster",30000,95000,"Solar Power,Kitchen,Air Conditioning,Humidity Control","Custom Builds,Accessibility Modifications,Electrical,Plumbing","RVIA Certified,ADA Compliant",6,2-5 months
mo-1,Missouri Van Conversions,123 Capitol Ave,Jefferson City,MO,65101,(555) 111-2222,info@missourivanconversions.com,https://missourivanconversions.com,38.5767,-92.1735,"Specializes in custom van conversions, including Mercedes Sprinter, Ford Transit, and Ram ProMaster.",4.6,70,"Sprinter,Transit,ProMaster",34000,105000,"Solar Power,Kitchen,Bathroom,Heating,Winter Insulation","Custom Builds,Electrical,Plumbing,Winter Outfitting","RVIA Certified",6,3-7 months
mo-2,Gateway Van Works,456 Market St,St. Louis,MO,63101,(555) 222-3333,info@gatewayvanworks.com,https://gatewayvanworks.com,38.6270,-90.1994,"Offers custom van conversions, including camper vans, wheelchair-accessible vehicles, and commercial vans.",4.7,75,"Transit,ProMaster,Sprinter",36000,110000,"Solar Power,Kitchen,Bathroom,Heating,Winter Insulation,Luxury Finishes","Custom Builds,Luxury Interiors,Electrical,Plumbing,Accessibility Modifications","RVIA Certified,ADA Compliant",7,3-8 months
mt-1,Montana Van Conversions,123 Last Chance Gulch,Helena,MT,59601,(555) 111-2222,info@montanavanconversions.com,https://montanavanconversions.com,46.5891,-112.0391,"Provides custom van conversions, including luxury vans, wheelchair-accessible vehicles, and commercial vans.",4.7,72,"Sprinter,Transit,ProMaster",36000,110000,"Solar Power,Kitchen,Bathroom,Heating,Extreme Insulation,Off-Grid Systems","Custom Builds,Electrical,Plumbing,Winter Outfitting,Off-Road Modifications","RVIA Certified",6,3-7 months
mt-2,Big Sky Van Works,456 N 27th St,Billings,MT,59101,(555) 222-3333,info@bigskyvanworks.com,https://bigskyvanworks.com,45.7833,-108.5007,"Offers custom van conversions, including camper vans, wheelchair-accessible vehicles, and commercial vans.",4.8,78,"Transit,ProMaster,Sprinter",38000,115000,"Solar Power,Kitchen,Bathroom,Heating,Extreme Insulation,Off-Grid Systems,Off-Road Capabilities","Custom Builds,Off-Road Outfitting,Electrical,Plumbing,Winter Outfitting","RVIA Certified,ASE Certified",7,3-8 months
ca-1,Adventure Wagon,123 Adventure Way,San Diego,CA,92101,(555) 111-2222,info@adventurewagon.com,https://adventurewagon.com,32.7157,-117.1611,"Specializes in custom van conversions, including Mercedes Sprinter, Ford Transit, and Ram ProMaster, with a focus on adventure and outdoor enthusiasts.",4.8,105,"Sprinter,Transit,ProMaster",40000,120000,"Solar Power,Kitchen,Bathroom,Heating,Off-Grid Systems,Outdoor Shower","Custom Builds,Adventure Outfitting,Electrical,Plumbing","RVIA Certified,ASE Certified",7,4-8 months
ca-2,California Van Conversions,456 Sunset Blvd,Los Angeles,CA,90028,(555) 222-3333,info@calvanconversions.com,https://calvanconversions.com,34.0522,-118.2437,"Offers custom van conversions, including camper vans, wheelchair-accessible vehicles, and commercial vans.",4.6,92,"Sprinter,Transit,ProMaster",35000,110000,"Solar Power,Kitchen,Bathroom,Heating,Air Conditioning","Custom Builds,Commercial Upfitting,Electrical,Plumbing,Accessibility Modifications","RVIA Certified,ADA Compliant",9,3-7 months
ca-3,Sportsmobile,789 Sportsmobile Way,Fresno,CA,93721,(555) 333-4444,info@sportsmobile.com,https://sportsmobile.com,36.7378,-119.7871,"Provides custom van conversions, including luxury vans, wheelchair-accessible vehicles, and commercial vans.",4.9,138,"Sprinter,Transit,ProMaster,E-Series",45000,150000,"Solar Power,Kitchen,Bathroom,Heating,Air Conditioning,Off-Road Capabilities","Custom Builds,Off-Road Outfitting,Electrical,Plumbing,Mechanical Work","RVIA Certified,ASE Certified",25,4-10 months
ca-4,VanDoIt,101 Tech Drive,San Jose,CA,95110,(555) 444-5555,info@vandoit.com,https://vandoit.com,37.3382,-121.8863,"Specializes in custom van conversions, including Mercedes Sprinter, Ford Transit, and Ram ProMaster.",4.7,85,"Sprinter,Transit,ProMaster",38000,115000,"Solar Power,Kitchen,Bathroom,Heating,Smart Systems","Custom Builds,Electrical,Plumbing,Smart Home Integration","RVIA Certified",6,3-6 months
ca-5,VanCraft California,202 Capital Ave,Sacramento,CA,95814,(555) 555-6666,info@vancraftca.com,https://vancraftca.com,38.5816,-121.4944,"Specializes in custom van conversions, including Mercedes Sprinter, Ford Transit, and Ram ProMaster, with a focus on luxury and adventure vans.",4.8,97,"Sprinter,Transit,ProMaster",42000,135000,"Solar Power,Kitchen,Bathroom,Heating,Air Conditioning,Luxury Finishes","Custom Builds,Luxury Interiors,Electrical,Plumbing,Adventure Outfitting","RVIA Certified,ASE Certified",8,4-9 months
ne-1,Nebraska Van Conversions,123 O St,Lincoln,NE,68508,(555) 111-2222,info@nebraskavanconversions.com,https://nebraskavanconversions.com,40.8136,-96.7026,"Specializes in custom van conversions, including Mercedes Sprinter, Ford Transit, and Ram ProMaster.",4.6,68,"Sprinter,Transit,ProMaster",32000,100000,"Solar Power,Kitchen,Bathroom,Heating,Winter Insulation","Custom Builds,Electrical,Plumbing,Winter Outfitting","RVIA Certified",5,2-6 months
ne-2,Cornhusker Van Works,456 Dodge St,Omaha,NE,68102,(555) 222-3333,info@cornhuskervanworks.com,https://cornhuskervanworks.com,41.2565,-95.9345,"Offers custom van conversions, including camper vans, wheelchair-accessible vehicles, and commercial vans.",4.7,72,"Transit,ProMaster,Sprinter",34000,105000,"Solar Power,Kitchen,Bathroom,Heating,Winter Insulation","Custom Builds,Accessibility Modifications,Electrical,Plumbing","RVIA Certified,ADA Compliant",6,2-7 months
nv-1,Nevada Van Conversions,123 Carson St,Carson City,NV,89701,(555) 111-2222,info@nevadavanconversions.com,https://nevadavanconversions.com,39.1638,-119.7674,"Provides custom van conversions, including luxury vans, wheelchair-accessible vehicles, and commercial vans.",4.6,70,"Sprinter,Transit,ProMaster",34000,105000,"Solar Power,Kitchen,Bathroom,Air Conditioning,Desert Cooling Systems","Custom Builds,Electrical,Plumbing,Climate Control","RVIA Certified",6,3-7 months
nv-2,Silver State Van Works,456 Las Vegas Blvd,Las Vegas,NV,89101,(555) 222-3333,info@silverstatevanworks.com,https://silverstatevanworks.com,36.1699,-115.1398,"Offers custom van conversions, including camper vans, wheelchair-accessible vehicles, and commercial vans.",4.7,75,"Transit,ProMaster,Sprinter",36000,110000,"Solar Power,Kitchen,Bathroom,Air Conditioning,Desert Cooling Systems,Luxury Finishes","Custom Builds,Luxury Interiors,Electrical,Plumbing,Climate Control","RVIA Certified,ASE Certified",7,3-8 months
nh-1,New Hampshire Van Conversions,123 N Main St,Concord,NH,03301,(555) 111-2222,info@nhvanconversions.com,https://nhvanconversions.com,43.2081,-71.5376,"Specializes in custom van conversions, including Mercedes Sprinter, Ford Transit, and Ram ProMaster.",4.7,72,"Sprinter,Transit,ProMaster",36000,110000,"Solar Power,Kitchen,Bathroom,Heating,Extreme Insulation","Custom Builds,Electrical,Plumbing,Winter Outfitting","RVIA Certified",6,3-7 months
nh-2,Granite State Van Works,456 Elm St,Manchester,NH,03101,(555) 222-3333,info@granitestatevanworks.com,https://granitestatevanworks.com,42.9956,-71.4548,"Offers custom van conversions, including camper vans, wheelchair-accessible vehicles, and commercial vans.",4.8,78,"Transit,ProMaster,Sprinter",38000,115000,"Solar Power,Kitchen,Bathroom,Heating,Extreme Insulation,Off-Grid Systems","Custom Builds,Winter Outfitting,Electrical,Plumbing,Off-Road Modifications","RVIA Certified,ASE Certified",7,3-8 months
nm-1,New Mexico Van Conversions,123 Old Santa Fe Trail,Santa Fe,NM,87501,(555) 111-2222,info@newmexicovanconversions.com,https://newmexicovanconversions.com,35.6870,-105.9378,"Provides custom van conversions, including luxury vans, wheelchair-accessible vehicles, and commercial vans.",4.6,70,"Sprinter,Transit,ProMaster",34000,105000,"Solar Power,Kitchen,Bathroom,Air Conditioning,Desert Cooling Systems","Custom Builds,Electrical,Plumbing,Climate Control","RVIA Certified",6,3-7 months
nm-2,Land of Enchantment Van Works,456 Central Ave,Albuquerque,NM,87102,(555) 222-3333,info@enchantmentvanworks.com,https://enchantmentvanworks.com,35.0844,-106.6504,"Offers custom van conversions, including camper vans, wheelchair-accessible vehicles, and commercial vans.",4.7,75,"Transit,ProMaster,Sprinter",36000,110000,"Solar Power,Kitchen,Bathroom,Air Conditioning,Desert Cooling Systems,Off-Grid Systems","Custom Builds,Off-Road Outfitting,Electrical,Plumbing,Climate Control","RVIA Certified,ASE Certified",7,3-8 months
ny-1,New York Van Conversions,123 State St,Albany,NY,12207,(555) 111-2222,info@newyorkvanconversions.com,https://newyorkvanconversions.com,42.6526,-73.7562,"Specializes in custom van conversions, including Mercedes Sprinter, Ford Transit, and Ram ProMaster.",4.7,78,"Sprinter,Transit,ProMaster",38000,115000,"Solar Power,Kitchen,Bathroom,Heating,Extreme Insulation","Custom Builds,Electrical,Plumbing,Winter Outfitting","RVIA Certified",7,3-7 months
ny-2,Empire State Van Works,456 Broadway,New York City,NY,10013,(555) 222-3333,info@empirestatevanworks.com,https://empirestatevanworks.com,40.7128,-74.0060,"Offers custom van conversions, including camper vans, wheelchair-accessible vehicles, and commercial vans.",4.8,85,"Transit,ProMaster,Sprinter",42000,130000,"Solar Power,Kitchen,Bathroom,Heating,Winter Insulation,Luxury Finishes","Custom Builds,Luxury Interiors,Electrical,Plumbing,Accessibility Modifications","RVIA Certified,ADA Compliant",8,3-9 months
nc-1,North Carolina Van Conversions,123 Edenton St,Raleigh,NC,27601,(555) 111-2222,info@ncvanconversions.com,https://ncvanconversions.com,35.7796,-78.6382,"Provides custom van conversions, including luxury vans, wheelchair-accessible vehicles, and commercial vans.",4.6,72,"Sprinter,Transit,ProMaster",35000,105000,"Solar Power,Kitchen,Bathroom,Heating,Air Conditioning","Custom Builds,Electrical,Plumbing,Climate Control","RVIA Certified",6,3-7 months
nc-2,Tar Heel Van Works,456 Trade St,Charlotte,NC,28202,(555) 222-3333,info@tarheelvanworks.com,https://tarheelvanworks.com,35.2271,-80.8431,"Offers custom van conversions, including camper vans, wheelchair-accessible vehicles, and commercial vans.",4.7,78,"Transit,ProMaster,Sprinter",38000,115000,"Solar Power,Kitchen,Bathroom,Heating,Air Conditioning,Luxury Finishes","Custom Builds,Luxury Interiors,Electrical,Plumbing,Accessibility Modifications","RVIA Certified,ADA Compliant",7,3-8 months
nd-1,North Dakota Van Conversions,123 E Boulevard Ave,Bismarck,ND,58505,(555) 111-2222,info@ndvanconversions.com,https://ndvanconversions.com,46.8083,-100.7837,"Specializes in custom van conversions, including Mercedes Sprinter, Ford Transit, and Ram ProMaster.",4.6,65,"Sprinter,Transit,ProMaster",32000,100000,"Solar Power,Kitchen,Bathroom,Heating,Extreme Insulation","Custom Builds,Electrical,Plumbing,Winter Outfitting","RVIA Certified",5,2-6 months
nd-2,Roughrider Van Works,456 Broadway,Fargo,ND,58102,(555) 222-3333,info@roughridervanworks.com,https://roughridervanworks.com,46.8772,-96.7898,"Offers custom van conversions, including camper vans, wheelchair-accessible vehicles, and commercial vans.",4.7,70,"Transit,ProMaster,Sprinter",34000,105000,"Solar Power,Kitchen,Bathroom,Heating,Extreme Insulation,Off-Grid Systems","Custom Builds,Winter Outfitting,Electrical,Plumbing,Off-Road Modifications","RVIA Certified,ASE Certified",6,3-7 months
oh-1,Ohio Van Conversions,123 High St,Columbus,OH,43215,(555) 111-2222,info@ohiovanconversions.com,https://ohiovanconversions.com,39.9612,-82.9988,"Provides custom van conversions, including luxury vans, wheelchair-accessible vehicles, and commercial vans.",4.6,72,"Sprinter,Transit,ProMaster",34000,105000,"Solar Power,Kitchen,Bathroom,Heating,Winter Insulation","Custom Builds,Electrical,Plumbing,Winter Outfitting","RVIA Certified",6,3-7 months
oh-2,Buckeye Van Works,456 Euclid Ave,Cleveland,OH,44114,(555) 222-3333,info@buckeyevanworks.com,https://buckeyevanworks.com,41.4993,-81.6944,"Offers custom van conversions, including camper vans, wheelchair-accessible vehicles, and commercial vans.",4.7,75,"Transit,ProMaster,Sprinter",36000,110000,"Solar Power,Kitchen,Bathroom,Heating,Winter Insulation","Custom Builds,Accessibility Modifications,Electrical,Plumbing","RVIA Certified,ADA Compliant",7,3-8 months
oh-3,VanCraft Ohio,789 Vine St,Cincinnati,OH,45202,(555) 333-4444,info@vancraftoh.com,https://vancraftoh.com,39.1031,-84.5120,"Specializes in custom van conversions, including Mercedes Sprinter, Ford Transit, and Ram ProMaster, with a focus on luxury and adventure vans.",4.8,82,"Sprinter,Transit,ProMaster",40000,125000,"Solar Power,Kitchen,Bathroom,Heating,Winter Insulation,Luxury Finishes","Custom Builds,Luxury Interiors,Electrical,Plumbing,Winter Outfitting","RVIA Certified,ASE Certified",8,3-9 months
ok-1,Oklahoma Van Conversions,123 Lincoln Blvd,Oklahoma City,OK,73105,(555) 111-2222,info@oklahomavanconversions.com,https://oklahomavanconversions.com,35.4676,-97.5164,"Specializes in custom van conversions, including Mercedes Sprinter, Ford Transit, and Ram ProMaster.",4.6,68,"Sprinter,Transit,ProMaster",32000,100000,"Solar Power,Kitchen,Bathroom,Air Conditioning,Heating","Custom Builds,Electrical,Plumbing,Climate Control","RVIA Certified",5,2-6 months
ok-2,Sooner Van Works,456 Boston Ave,Tulsa,OK,74103,(555) 222-3333,info@soonervanworks.com,https://soonervanworks.com,36.1540,-95.9928,"Offers custom van conversions, including camper vans, wheelchair-accessible vehicles, and commercial vans.",4.7,72,"Transit,ProMaster,Sprinter",34000,105000,"Solar Power,Kitchen,Bathroom,Air Conditioning,Heating","Custom Builds,Accessibility Modifications,Electrical,Plumbing","RVIA Certified,ADA Compliant",6,2-7 months
pa-1,Pennsylvania Van Conversions,123 State St,Harrisburg,PA,17101,(555) 111-2222,info@pennsylvaniavanconversions.com,https://pennsylvaniavanconversions.com,40.2732,-76.8867,"Specializes in custom van conversions, including Mercedes Sprinter, Ford Transit, and Ram ProMaster.",4.6,72,"Sprinter,Transit,ProMaster",35000,105000,"Solar Power,Kitchen,Bathroom,Heating,Winter Insulation","Custom Builds,Electrical,Plumbing,Winter Outfitting","RVIA Certified",6,3-7 months
pa-2,Keystone Van Works,456 Market St,Philadelphia,PA,19106,(555) 222-3333,info@keystonevanworks.com,https://keystonevanworks.com,39.9526,-75.1652,"Offers custom van conversions, including camper vans, wheelchair-accessible vehicles, and commercial vans.",4.7,78,"Transit,ProMaster,Sprinter",38000,115000,"Solar Power,Kitchen,Bathroom,Heating,Winter Insulation","Custom Builds,Accessibility Modifications,Electrical,Plumbing","RVIA Certified,ADA Compliant",7,3-8 months
pa-3,VanCraft Pennsylvania,789 Grant St,Pittsburgh,PA,15219,(555) 333-4444,info@vancraftpa.com,https://vancraftpa.com,40.4406,-79.9959,"Specializes in custom van conversions, including Mercedes Sprinter, Ford Transit, and Ram ProMaster, with a focus on luxury and adventure vans.",4.8,85,"Sprinter,Transit,ProMaster",42000,130000,"Solar Power,Kitchen,Bathroom,Heating,Winter Insulation,Luxury Finishes","Custom Builds,Luxury Interiors,Electrical,Plumbing,Winter Outfitting","RVIA Certified,ASE Certified",8,3-9 months
co-1,Colorado Van Conversions,123 Mountain View Dr,Denver,CO,80202,(555) 111-2222,info@coloradovanconversions.com,https://coloradovanconversions.com,39.7392,-104.9903,"Offers custom van conversions, including camper vans, wheelchair-accessible vehicles, and commercial vans.",4.7,89,"Sprinter,Transit,ProMaster",38000,115000,"Solar Power,Kitchen,Bathroom,Heating,Off-Grid Systems","Custom Builds,Electrical,Plumbing,Winter Insulation","RVIA Certified",7,3-7 months
co-2,Rocky Mountain Van Works,456 Boulder St,Boulder,CO,80302,(555) 222-3333,info@rockymountainvanworks.com,https://rockymountainvanworks.com,40.0150,-105.2705,"Provides custom van conversions, including luxury vans, wheelchair-accessible vehicles, and commercial vans.",4.8,102,"Sprinter,Transit,ProMaster",45000,140000,"Solar Power,Kitchen,Bathroom,Heating,Air Conditioning,Off-Road Capabilities","Custom Builds,Off-Road Outfitting,Electrical,Plumbing,Winter Insulation","RVIA Certified,ASE Certified",9,4-9 months
co-3,VanCraft Colorado,789 Mountain Pass,Colorado Springs,CO,80903,(555) 333-4444,info@vancraftco.com,https://vancraftco.com,38.8339,-104.8214,"Specializes in custom van conversions, including Mercedes Sprinter, Ford Transit, and Ram ProMaster, with a focus on luxury and adventure vans.",4.9,95,"Sprinter,Transit,ProMaster",48000,150000,"Solar Power,Kitchen,Bathroom,Heating,Air Conditioning,Off-Road Capabilities,Luxury Finishes","Custom Builds,Luxury Interiors,Electrical,Plumbing,Off-Road Outfitting","RVIA Certified,ASE Certified",6,4-10 months
ri-1,Rhode Island Van Conversions,123 Westminster St,Providence,RI,02903,(555) 111-2222,info@rhodeislandvanconversions.com,https://rhodeislandvanconversions.com,41.8240,-71.4128,"Provides custom van conversions, including luxury vans, wheelchair-accessible vehicles, and commercial vans.",4.6,68,"Sprinter,Transit,ProMaster",36000,110000,"Solar Power,Kitchen,Bathroom,Heating,Winter Insulation","Custom Builds,Electrical,Plumbing,Winter Outfitting","RVIA Certified",6,3-7 months
ri-2,Ocean State Van Works,456 Thames St,Newport,RI,02840,(555) 222-3333,info@oceanstatevanworks.com,https://oceanstatevanworks.com,41.4901,-71.3128,"Offers custom van conversions, including camper vans, wheelchair-accessible vehicles, and commercial vans.",4.7,72,"Transit,ProMaster,Sprinter",38000,115000,"Solar Power,Kitchen,Bathroom,Heating,Winter Insulation,Luxury Finishes","Custom Builds,Luxury Interiors,Electrical,Plumbing,Accessibility Modifications","RVIA Certified,ADA Compliant",7,3-8 months
sc-1,South Carolina Van Conversions,123 Main St,Columbia,SC,29201,(555) 111-2222,info@scvanconversions.com,https://scvanconversions.com,34.0007,-81.0348,"Specializes in custom van conversions, including Mercedes Sprinter, Ford Transit, and Ram ProMaster.",4.6,70,"Sprinter,Transit,ProMaster",34000,105000,"Solar Power,Kitchen,Bathroom,Air Conditioning,Heating","Custom Builds,Electrical,Plumbing,Climate Control","RVIA Certified",6,3-7 months
sc-2,Palmetto Van Works,456 East Bay St,Charleston,SC,29401,(555) 222-3333,info@palmettovanworks.com,https://palmettovanworks.com,32.7765,-79.9311,"Offers custom van conversions, including camper vans, wheelchair-accessible vehicles, and commercial vans.",4.7,75,"Transit,ProMaster,Sprinter",36000,110000,"Solar Power,Kitchen,Bathroom,Air Conditioning,Heating,Luxury Finishes","Custom Builds,Luxury Interiors,Electrical,Plumbing,Accessibility Modifications","RVIA Certified,ADA Compliant",7,3-8 months
sd-1,South Dakota Van Conversions,123 Capitol Ave,Pierre,SD,57501,(555) 111-2222,info@sdvanconversions.com,https://sdvanconversions.com,44.3683,-100.3510,"Provides custom van conversions, including luxury vans, wheelchair-accessible vehicles, and commercial vans.",4.5,65,"Sprinter,Transit,ProMaster",32000,100000,"Solar Power,Kitchen,Bathroom,Heating,Extreme Insulation","Custom Builds,Electrical,Plumbing,Winter Outfitting","RVIA Certified",5,2-6 months
sd-2,Mount Rushmore Van Works,456 Main St,Rapid City,SD,57701,(555) 222-3333,info@mountrushmorevanworks.com,https://mountrushmorevanworks.com,44.0805,-103.2310,"Offers custom van conversions, including camper vans, wheelchair-accessible vehicles, and commercial vans.",4.6,70,"Transit,ProMaster,Sprinter",34000,105000,"Solar Power,Kitchen,Bathroom,Heating,Extreme Insulation,Off-Grid Systems","Custom Builds,Winter Outfitting,Electrical,Plumbing,Off-Road Modifications","RVIA Certified,ASE Certified",6,3-7 months
tn-1,Tennessee Van Conversions,123 6th Ave N,Nashville,TN,37203,(555) 111-2222,info@tennesseevanconversions.com,https://tennesseevanconversions.com,36.1627,-86.7816,"Specializes in custom van conversions, including Mercedes Sprinter, Ford Transit, and Ram ProMaster.",4.6,72,"Sprinter,Transit,ProMaster",34000,105000,"Solar Power,Kitchen,Bathroom,Air Conditioning,Heating","Custom Builds,Electrical,Plumbing,Climate Control","RVIA Certified",6,3-7 months
tn-2,Volunteer Van Works,456 Gay St,Knoxville,TN,37902,(555) 222-3333,info@volunteervanworks.com,https://volunteervanworks.com,35.9606,-83.9207,"Offers custom van conversions, including camper vans, wheelchair-accessible vehicles, and commercial vans.",4.7,75,"Transit,ProMaster,Sprinter",36000,110000,"Solar Power,Kitchen,Bathroom,Air Conditioning,Heating","Custom Builds,Accessibility Modifications,Electrical,Plumbing","RVIA Certified,ADA Compliant",7,3-8 months
ut-1,Utah Van Conversions,123 State St,Salt Lake City,UT,84111,(555) 111-2222,info@utahvanconversions.com,https://utahvanconversions.com,40.7608,-111.8910,"Specializes in custom van conversions, including Mercedes Sprinter, Ford Transit, and Ram ProMaster.",4.7,85,"Sprinter,Transit,ProMaster",36000,110000,"Solar Power,Kitchen,Bathroom,Heating,Off-Grid Systems,Off-Road Capabilities","Custom Builds,Electrical,Plumbing,Off-Road Outfitting","RVIA Certified",7,3-7 months
ut-2,Beehive Van Works,456 Center St,Provo,UT,84601,(555) 222-3333,info@beehivevanworks.com,https://beehivevanworks.com,40.2338,-111.6585,"Offers custom van conversions, including camper vans, wheelchair-accessible vehicles, and commercial vans.",4.8,90,"Transit,ProMaster,Sprinter",38000,115000,"Solar Power,Kitchen,Bathroom,Heating,Off-Grid Systems,Off-Road Capabilities","Custom Builds,Off-Road Outfitting,Electrical,Plumbing,Adventure Outfitting","RVIA Certified,ASE Certified",8,3-8 months
vt-1,Vermont Van Conversions,123 State St,Montpelier,VT,05602,(555) 111-2222,info@vermontvanconversions.com,https://vermontvanconversions.com,44.2601,-72.5754,"Provides custom van conversions, including luxury vans, wheelchair-accessible vehicles, and commercial vans.",4.7,72,"Sprinter,Transit,ProMaster",36000,110000,"Solar Power,Kitchen,Bathroom,Heating,Extreme Insulation","Custom Builds,Electrical,Plumbing,Winter Outfitting","RVIA Certified",6,3-7 months
vt-2,Green Mountain Van Works,456 Main St,Burlington,VT,05401,(555) 222-3333,info@greenmountainvanworks.com,https://greenmountainvanworks.com,44.4759,-73.2121,"Offers custom van conversions, including camper vans, wheelchair-accessible vehicles, and commercial vans.",4.8,78,"Transit,ProMaster,Sprinter",38000,115000,"Solar Power,Kitchen,Bathroom,Heating,Extreme Insulation,Off-Grid Systems,Sustainable Materials","Custom Builds,Winter Outfitting,Electrical,Plumbing,Sustainable Design","RVIA Certified,LEED Certified",7,3-8 months
va-1,Virginia Van Conversions,123 E Main St,Richmond,VA,23219,(555) 111-2222,info@virginiavanconversions.com,https://virginiavanconversions.com,37.5407,-77.4360,"Specializes in custom van conversions, including Mercedes Sprinter, Ford Transit, and Ram ProMaster.",4.6,72,"Sprinter,Transit,ProMaster",35000,105000,"Solar Power,Kitchen,Bathroom,Heating,Air Conditioning","Custom Builds,Electrical,Plumbing,Climate Control","RVIA Certified",6,3-7 months
va-2,Old Dominion Van Works,456 Wilson Blvd,Arlington,VA,22201,(555) 222-3333,info@olddominionvanworks.com,https://olddominionvanworks.com,38.8904,-77.0856,"Offers custom van conversions, including camper vans, wheelchair-accessible vehicles, and commercial vans.",4.7,78,"Transit,ProMaster,Sprinter",38000,115000,"Solar Power,Kitchen,Bathroom,Heating,Air Conditioning,Luxury Finishes","Custom Builds,Luxury Interiors,Electrical,Plumbing,Accessibility Modifications","RVIA Certified,ADA Compliant",7,3-8 months
wa-1,Washington Van Conversions,123 Capitol Way,Olympia,WA,98501,(555) 111-2222,info@washingtonvanconversions.com,https://washingtonvanconversions.com,47.0379,-122.9007,"Provides custom van conversions, including luxury vans, wheelchair-accessible vehicles, and commercial vans.",4.7,78,"Sprinter,Transit,ProMaster",36000,110000,"Solar Power,Kitchen,Bathroom,Heating,Winter Insulation,Off-Grid Systems","Custom Builds,Electrical,Plumbing,Winter Outfitting","RVIA Certified",7,3-7 months
wa-2,Evergreen Van Works,456 Pike St,Seattle,WA,98101,(555) 222-3333,info@evergreenvanworks.com,https://evergreenvanworks.com,47.6062,-122.3321,"Offers custom van conversions, including camper vans, wheelchair-accessible vehicles, and commercial vans.",4.8,85,"Transit,ProMaster,Sprinter",40000,125000,"Solar Power,Kitchen,Bathroom,Heating,Winter Insulation,Off-Grid Systems,Sustainable Materials","Custom Builds,Sustainable Design,Electrical,Plumbing,Off-Road Modifications","RVIA Certified,LEED Certified",8,3-9 months
wv-1,West Virginia Van Conversions,123 Capitol St,Charleston,WV,25301,(555) 111-2222,info@wvvanconversions.com,https://wvvanconversions.com,38.3498,-81.6326,"Specializes in custom van conversions, including Mercedes Sprinter, Ford Transit, and Ram ProMaster.",4.5,65,"Sprinter,Transit,ProMaster",32000,100000,"Solar Power,Kitchen,Bathroom,Heating,Winter Insulation","Custom Builds,Electrical,Plumbing,Winter Outfitting","RVIA Certified",5,2-6 months
wv-2,Mountain State Van Works,456 High St,Morgantown,WV,26505,(555) 222-3333,info@mountainstatevanworks.com,https://mountainstatevanworks.com,39.6295,-79.9559,"Offers custom van conversions, including camper vans, wheelchair-accessible vehicles, and commercial vans.",4.6,70,"Transit,ProMaster,Sprinter",34000,105000,"Solar Power,Kitchen,Bathroom,Heating,Winter Insulation,Off-Grid Systems","Custom Builds,Off-Road Outfitting,Electrical,Plumbing,Winter Outfitting","RVIA Certified,ASE Certified",6,3-7 months
wi-1,Wisconsin Van Conversions,123 W Washington Ave,Madison,WI,53703,(555) 111-2222,info@wisconsinvanconversions.com,https://wisconsinvanconversions.com,43.0731,-89.4012,"Provides custom van conversions, including luxury vans, wheelchair-accessible vehicles, and commercial vans.",4.6,72,"Sprinter,Transit,ProMaster",34000,105000,"Solar Power,Kitchen,Bathroom,Heating,Extreme Insulation","Custom Builds,Electrical,Plumbing,Winter Outfitting","RVIA Certified",6,3-7 months
wi-2,Badger Van Works,456 E Wisconsin Ave,Milwaukee,WI,53202,(555) 222-3333,info@badgervanworks.com,https://badgervanworks.com,43.0389,-87.9065,"Offers custom van conversions, including camper vans, wheelchair-accessible vehicles, and commercial vans.",4.7,78,"Transit,ProMaster,Sprinter",36000,110000,"Solar Power,Kitchen,Bathroom,Heating,Extreme Insulation,Off-Grid Systems","Custom Builds,Winter Outfitting,Electrical,Plumbing,Accessibility Modifications","RVIA Certified,ADA Compliant",7,3-8 months
fl-1,Florida Van Conversions,123 Ocean Drive,Miami,FL,33139,(555) 111-2222,info@floridavanconversions.com,https://floridavanconversions.com,25.7617,-80.1918,"Specializes in custom van conversions, including Mercedes Sprinter, Ford Transit, and Ram ProMaster.",4.6,78,"Sprinter,Transit,ProMaster",36000,110000,"Solar Power,Kitchen,Bathroom,Air Conditioning,Outdoor Shower","Custom Builds,Electrical,Plumbing,Climate Control Systems","RVIA Certified",6,3-6 months
fl-2,Gulf Coast Van Works,456 Gulf Blvd,Tampa,FL,33602,(555) 222-3333,info@gulfcoastvanworks.com,https://gulfcoastvanworks.com,27.9506,-82.4572,"Offers custom van conversions, including camper vans, wheelchair-accessible vehicles, and commercial vans.",4.5,65,"Transit,ProMaster",30000,95000,"Solar Power,Kitchen,Bathroom,Air Conditioning","Custom Builds,Accessibility Modifications,Electrical,Plumbing","RVIA Certified,ADA Compliant",5,2-5 months
fl-3,VanCraft Florida,789 Palm Ave,Orlando,FL,32801,(555) 333-4444,info@vancraftfl.com,https://vancraftfl.com,28.5383,-81.3792,"Specializes in custom van conversions, including Mercedes Sprinter, Ford Transit, and Ram ProMaster, with a focus on luxury and adventure vans.",4.8,87,"Sprinter,Transit,ProMaster",42000,130000,"Solar Power,Kitchen,Bathroom,Air Conditioning,Luxury Finishes,Outdoor Shower","Custom Builds,Luxury Interiors,Electrical,Plumbing,Climate Control Systems","RVIA Certified,ASE Certified",7,3-8 months
wy-1,Wyoming Van Conversions,123 Capitol Ave,Cheyenne,WY,82001,(555) 111-2222,info@wyomingvanconversions.com,https://wyomingvanconversions.com,41.1400,-104.8202,"Specializes in custom van conversions, including Mercedes Sprinter, Ford Transit, and Ram ProMaster.",4.6,68,"Sprinter,Transit,ProMaster",34000,105000,"Solar Power,Kitchen,Bathroom,Heating,Extreme Insulation,Off-Grid Systems","Custom Builds,Electrical,Plumbing,Winter Outfitting,Off-Road Outfitting","RVIA Certified",6,3-7 months
wy-2,Cowboy Van Works,456 E 2nd St,Casper,WY,82601,(555) 222-3333,info@cowboyvanworks.com,https://cowboyvanworks.com,42.8501,-106.3252,"Offers custom van conversions, including camper vans, wheelchair-accessible vehicles, and commercial vans.",4.7,72,"Transit,ProMaster,Sprinter",36000,110000,"Solar Power,Kitchen,Bathroom,Heating,Extreme Insulation,Off-Grid Systems,Off-Road Capabilities","Custom Builds,Off-Road Outfitting,Electrical,Plumbing,Winter Outfitting","RVIA Certified,ASE Certified",7,3-8 months
or-1,Oregon Van Conversions,123 Pine St,Salem,OR,97301,(555) 111-2222,info@oregonvanconversions.com,https://oregonvanconversions.com,44.9429,-123.0351,"Provides custom van conversions, including luxury vans, wheelchair-accessible vehicles, and commercial vans.",4.6,74,"Sprinter,Transit,ProMaster",35000,105000,"Solar Power,Kitchen,Bathroom,Heating,Sustainable Materials","Custom Builds,Electrical,Plumbing,Sustainable Design","RVIA Certified,LEED Certified",6,3-7 months
or-2,Pacific Northwest Van Works,456 Forest Ave,Portland,OR,97205,(555) 222-3333,info@pnwvanworks.com,https://pnwvanworks.com,45.5051,-122.6750,"Offers custom van conversions, including camper vans, wheelchair-accessible vehicles, and commercial vans.",4.8,96,"Sprinter,Transit,ProMaster",40000,125000,"Solar Power,Kitchen,Bathroom,Heating,Sustainable Materials,Off-Grid Systems","Custom Builds,Electrical,Plumbing,Sustainable Design,Off-Grid Solutions","RVIA Certified,LEED Certified",8,4-8 months
tx-1,Texas Van Conversions,123 Capitol St,Austin,TX,78701,(555) 111-2222,info@texasvanconversions.com,https://texasvanconversions.com,30.2672,-97.7431,"Provides custom van conversions, including luxury vans, wheelchair-accessible vehicles, and commercial vans.",4.7,88,"Sprinter,Transit,ProMaster",38000,115000,"Solar Power,Kitchen,Bathroom,Air Conditioning,Heating","Custom Builds,Electrical,Plumbing,Climate Control Systems","RVIA Certified",7,3-7 months
tx-2,Lone Star Van Works,456 Houston St,Houston,TX,77002,(555) 222-3333,info@lonestarvanworks.com,https://lonestarvanworks.com,29.7604,-95.3698,"Offers custom van conversions, including camper vans, wheelchair-accessible vehicles, and commercial vans.",4.6,76,"Transit,ProMaster",32000,100000,"Solar Power,Kitchen,Bathroom,Air Conditioning","Custom Builds,Accessibility Modifications,Electrical,Plumbing","RVIA Certified,ADA Compliant",5,2-6 months
tx-3,VanCraft Texas,789 Main St,Dallas,TX,75201,(555) 333-4444,info@vancrafttx.com,https://vancrafttx.com,32.7767,-96.7970,"Specializes in custom van conversions, including Mercedes Sprinter, Ford Transit, and Ram ProMaster, with a focus on luxury and adventure vans.",4.8,92,"Sprinter,Transit,ProMaster",45000,135000,"Solar Power,Kitchen,Bathroom,Air Conditioning,Heating,Luxury Finishes","Custom Builds,Luxury Interiors,Electrical,Plumbing,Climate Control Systems","RVIA Certified,ASE Certified",8,4-9 months
mi-1,Michigan Van Conversions,123 Capitol Ave,Lansing,MI,48933,(555) 111-2222,info@michiganvanconversions.com,https://michiganvanconversions.com,42.7335,-84.5467,"Provides custom van conversions, including luxury vans, wheelchair-accessible vehicles, and commercial vans.",4.6,72,"Sprinter,Transit,ProMaster",36000,110000,"Solar Power,Kitchen,Bathroom,Heating,Winter Insulation","Custom Builds,Electrical,Plumbing,Winter Outfitting","RVIA Certified",6,3-7 months
mi-2,Great Lakes Van Works,456 Woodward Ave,Detroit,MI,48226,(555) 222-3333,info@greatlakesvanworks.com,https://greatlakesvanworks.com,42.3314,-83.0458,"Offers custom van conversions, including camper vans, wheelchair-accessible vehicles, and commercial vans.",4.5,65,"Transit,ProMaster",30000,95000,"Solar Power,Kitchen,Heating,Winter Insulation","Custom Builds,Accessibility Modifications,Electrical,Winter Outfitting","RVIA Certified,ADA Compliant",5,2-5 months
mi-3,VanCraft Michigan,789 Monroe Ave,Grand Rapids,MI,49503,(555) 333-4444,info@vancraftmi.com,https://vancraftmi.com,42.9634,-85.6681,"Specializes in custom van conversions, including Mercedes Sprinter, Ford Transit, and Ram ProMaster, with a focus on luxury and adventure vans.",4.8,87,"Sprinter,Transit,ProMaster",42000,130000,"Solar Power,Kitchen,Bathroom,Heating,Winter Insulation,Luxury Finishes","Custom Builds,Luxury Interiors,Electrical,Plumbing,Winter Outfitting","RVIA Certified,ASE Certified",7,3-8 months
al-1,Alabama Van Conversions,123 Main St,Birmingham,AL,35203,(555) 111-2222,info@alabamavanconversions.com,https://alabamavanconversions.com,33.5186,-86.8104,"Specializes in custom van conversions, including Mercedes Sprinter, Ford Transit, and Ram ProMaster.",4.5,65,"Sprinter,Transit,ProMaster",32000,95000,"Solar Power,Kitchen,Bathroom,Air Conditioning","Custom Builds,Electrical,Plumbing,Climate Control","RVIA Certified",5,2-6 months
al-2,VanCraft Alabama,456 Rocket Dr,Huntsville,AL,35801,(555) 222-3333,info@vancraftal.com,https://vancraftal.com,34.7304,-86.5861,"Specializes in custom van conversions, including Mercedes Sprinter, Ford Transit, and Ram ProMaster, with a focus on luxury and adventure vans.",4.7,78,"Sprinter,Transit,ProMaster",38000,110000,"Solar Power,Kitchen,Bathroom,Air Conditioning,Heating,Luxury Finishes","Custom Builds,Luxury Interiors,Electrical,Plumbing","RVIA Certified,ASE Certified",6,3-7 months
ak-1,Alaska Van Conversions,123 Northern Lights Blvd,Anchorage,AK,99503,(555) 111-2222,info@alaskavanconversions.com,https://alaskavanconversions.com,61.1784,-149.8881,"Offers custom van conversions, including camper vans, wheelchair-accessible vehicles, and commercial vans.",4.6,58,"Transit,ProMaster",35000,105000,"Solar Power,Kitchen,Heating,Extreme Insulation,Off-Grid Systems","Custom Builds,Winter Outfitting,Electrical,Plumbing","RVIA Certified",6,3-7 months
ak-2,Northern Van Works,456 Arctic Ave,Fairbanks,AK,99701,(555) 222-3333,info@northernvanworks.com,https://northernvanworks.com,64.8378,-147.7164,"Provides custom van conversions, including luxury vans, wheelchair-accessible vehicles, and commercial vans.",4.7,62,"Sprinter,Transit,ProMaster",40000,120000,"Solar Power,Kitchen,Bathroom,Heating,Extreme Insulation,Off-Grid Systems","Custom Builds,Winter Outfitting,Electrical,Plumbing,Off-Road Modifications","RVIA Certified,ASE Certified",7,3-8 months
